[UKN] Behbahan Fac of Med Sciences, Behbahan, Iran (IRN)
    Behbahan Faculty of Medical Sciences, Behbahan, Iran
[UKN] Consejería de Educ y Cultura, Comunidad Autónoma de la Región de Murcia, Murcia, Spain (ESP)
    Consejería de Educación y Cultura, Comunidad Autónoma de la Región de Murcia, Murcia, Spain
[UKN] D3 Manajemen Informatika, Politeknik Ganesha Guru, Singaraja, Indonesia (IDN)
    D3 Manajemen Informatika, Politeknik Ganesha Guru, Singaraja, Indonesia
[UKN] Dept of Obstetrics and Gynaecology, Apollo Medics, Uttar Pradesh, Lucknow, India (IND)
    Department of Obstetrics and Gynaecology, Apollo Medics, Uttar Pradesh, Lucknow, India
[UKN] Dept of Obstetrics and Gynaecology, Indira IVF, Uttar Pradesh, Lucknow, India (IND)
    Department of Obstetrics and Gynaecology, Indira IVF, Uttar Pradesh, Lucknow, India
All India Inst of Med Sciences (IND)
    Department of Obstetrics and Gynaecology, All India Institute of Medical Sciences, Uttar Pradesh, Raebareli, India
Atrium Health Carolinas Med Cent (USA)
    Atrium Health Carolinas Medical Center, Charlotte, North Carolina, United States
Baba Raghav Das Med Coll and Hosp (IND)
    Department of Obstetrics and Gynaecology, Baba Raghav Das Medical College and Hospital, Uttar Pradesh, Gorakhpur, India
Baekseok Univ (KOR)
    Dept. of Education, Baekseok University, South Korea
Bangladesh Open Univ (BGD)
    Bangladesh Open University, Gazipur, Bangladesh
Baylor Univ (USA)
    Department of Physical Therapy, Baylor University, Waco, 76706, TX, United States
Beijing Normal Univ (CHN)
    Institute of International and Comparative Education, Beijing Normal University, Beijing, China
Can Tho Univ (VNM)
    School of Foreign Languages, Can Tho University, Can Tho, Viet Nam
Chungnam Univ (KOR)
    Dept. of Education, Chungnam University, South Korea
East West Univ (BGD)
    East West University, Dhaka, Bangladesh
Ege Univ (TUR)
    Department of Biostatistics and Medical Informatics, Faculty of Medicine, Ege University, Izmir, Turkey
    Department of Medical Education, Faculty of Medicine, Ege University, Izmir, Turkey
    Department of Pedodontics, Faculty of Dentistry, Ege University, Izmir, Turkey
Era’s Lucknow Med Coll and Hosp (IND)
    Department of Obstetrics and Gynaecology, Era’s Lucknow Medical College and Hospital, Uttar Pradesh, Lucknow, India
Ewha Womans Univ (KOR)
    Ewha Womans University, South Korea
Expressions Ltd. (BGD)
    Expressions Ltd., Dhaka, Bangladesh
Fac of Education Univ of Malaya (MYS)
    Institute of Educational Leadership, Faculty of Education University of Malaya, Malaysia
Georgetown Univ (USA)
    Department of Orthopaedic Surgery, Georgetown University, Washington, District of Columbia, United States
Griffith Univ (AUS)
    Population and Social Health Research Program, Griffith University, QLD, Australia
Hosp Nac Docente Madre Niño (PER)
    Hospital Nacional Docente Madre Niño, San Bartolomé Lima, Peru
Hunan Agric Univ (CHN)
    College of Education, Hunan Agricultural University, Changsha, China
Hunan First Normal Univ (CHN)
    College of Primary Education, Hunan First Normal University, Changsha, China
Imam Abdulrahman Bin Faisal Univ (IAU) (SAU)
    Deanship of Quality and Academic Accreditation, Imam Abdulrahman Bin Faisal University (IAU), P.O. Box 1982, Dammam, 31441, Saudi Arabia
    Department of Health Information Management and Technology (HIMT), College of Public Health (CPH), Imam Abdulrahman Bin Faisal University (IAU), P.O. Box 1982, Dammam, 31441, Saudi Arabia
Inst of Res of Aragon (ESP)
    Research Group Safety and Care (GIISA0021), Institute of Research of Aragon, Zaragoza, Spain
Int Med Univ (MYS)
    Department of Human Biology, School of Medicine, International Medical University, Kuala Lumpur, Malaysia
    Department of Life Sciences, School of Pharmacy, International Medical University, Kuala Lumpur, Malaysia
Islamic Azad Univ (IRN)
    Department of Educational Management, Faculty of Humanities, Islamic Azad University, Babol, Iran
    Educational Management, Faculty of Humanities, Islamic Azad University, Babol, Iran
James Cook Univ (AUS)
    Division of Tropical Health and Medicine, James Cook University, Townsville, Australia
Jining Med Coll design thinking teaching method innovation team (CHN)
    Jining Medical College design thinking teaching method innovation team, 133 Hehua Road, Jining, 272067, China
Jining Med Univ (CHN)
    College of Basic Medicine, Jining Medical University, 133 Hehua Road, Jining, 272067, China
    College of Preventive Medicine, Jining Medical University, 133 Hehua Road, Jining, 272067, China
Jining No. 1 People’s Hosp (CHN)
    Department of Otolaryngology, Jining No. 1 People’s Hospital, No. 6 Health Road, Jining, China
Johns Hopkins Univ (USA)
    Department of Orthopaedic Surgery, Johns Hopkins University, Baltimore, Maryland, United States
Johns Hopkins Univ Sch of Medicine (USA)
    Department of Physical Medicine & Rehabilitation, Johns Hopkins University School of Medicine, Baltimore, 21287, MD, United States
Kazan Fed Univ (RUS)
    Kazan Federal University, Kazan, Russian Federation
Kermanshah Univ of Med Sciences (IRN)
    Department of Health Information Technology, Faculty of Paramedical Sciences, Kermanshah University of Medical Sciences, Kermanshah, Iran
    Education Development Center, Kermanshah University of Medical Sciences, Kermanshah, Iran
King Saud Univ (SAU)
    Department of Medical Education, College of Medicine, King Saud University, Riyadh, Saudi Arabia
    Department of Physiology, College of Medicine, King Saud University, Riyadh, Saudi Arabia
Korea Res Inst for Vocational Education & Training (KOR)
    Korea Research Institute for Vocational Education & Training, South Korea
Koç Univ Sch of Nursing (TUR)
    Koç University School of Nursing, Istanbul, Turkey
La Trobe Univ (AUS)
    School of Nursing and Midwifery, La Trobe University, Melbourne, Australia
Laval Univ (CAN)
    Department of Medicine, Faculty of Medicine, Laval University, 1050 avenue de la Médecine, Pavillon Ferdinand-Vandry, bureau 2476, Quebec, G1V0A6, QC, Canada
Laval Univ Quebec (CAN)
    Department of Surgery, Faculty of Medicine, Laval University Quebec, Quebec, Canada
Liverpool John Moores Univ - City Camp (GBR)
    Department of Accounting and Finance, Liverpool John Moores University - City Campus, Liverpool, United Kingdom
Loughborough Univ (GBR)
    School of Design and Creative Arts, Loughborough University, Loughborough, United Kingdom
Maastricht Univ (NLD)
    Department of Educational Development and Research, Faculty of Health, Medicine and Life Sciences, Maastricht University, Maastricht, Netherlands
    Faculty of Health, Medicine and Life Sciences, Maastricht University, Netherlands
Maastricht Univ Med Cent (NLD)
    Department of Pediatrics, Maastricht University Medical Centre, Maastricht, Netherlands
Milwaukee Sch of Eng (USA)
    Milwaukee School of Engineering, Department of Electrical Engineering and Computer Science, Milwaukee, 53202, WI, United States
Monash Univ (AUS)
    Nursing and Midwifery, Monash University, Melbourne, Australia
Mu'tah Univ (JOR)
    Department of Accounting, Faculty of Business, Mu'tah University, Mu'tah, Jordan
Mutah Univ (JOR)
    Department of Accounting, Mutah University, Karak, Jordan
NIMS Univ (IND)
    Department of Medical Education, Department of Computer Science and Engineering, NIMS University, Jaipur, Rajasthan, India
Nursing school of Jilin Univ (CHN)
    Nursing school of Jilin University, No. 965 Xinjiang Street, Changchun, 130021, Jilin Province, China
Philippine Normal Univ (PHL)
    College of Advanced Studies, Philippine Normal University, Manila, Philippines
    Faculty of Science, Technology, and Mathematics, Philippine Normal University, Manila, Philippines
    Research Institute for Teacher Quality (RITQ), Philippine Normal University, Manila, Philippines
Pingxiang Health Vocational Coll (CHN)
    Pingxiang Health Vocational College, No. 333 Wugongshan Street, Pingxiang, 337000, Jiangxi Province, China
Princess Nourah bint Abdulrahman Univ (SAU)
    Department of Information Systems, College of Computer and Information Sciences, Princess Nourah bint Abdulrahman University, P.O. Box 84428, Riyadh, 11671, Saudi Arabia
Queen's Univ Belfast (GBR)
    School of Nursing and Midwifery, Queen's University Belfast, Medical Biology Centre, United Kingdom
Shiraz Univ of Med Sciences (IRN)
    Clinical Education Reseach Center, Shiraz University of Medical Sciences, Shiraz, Iran
Sun Yat-Sen Univ (CHN)
    Department of Operative Dentistry and Endodontics, Guanghua School of Stomatology, Hospital of Stomatology, Sun Yat-Sen University, Guangdong Province Key Laboratory of Stomatology, Guangzhou, China
    Guanghua School of Stomatology, Guanghua School of Stomatology, Hospital of Stomatology, Sun Yat-Sen University, Guangdong Province Key Laboratory of Stomatology, Guangzhou, China
Swansea Univ (GBR)
    Department of Psychology, Swansea University, Swansea, United Kingdom
Swinburne Univ of Technol (AUS)
    School of Business, Entrepreneurship and Law, Swinburne University of Technology, Melbourne, Australia
Texas A&M Univ (USA)
    Department of Agricultural Leadership, Education & Communications, Texas A&M University, College Station, TX, United States
Tyumen Ind Univ (RUS)
    Tyumen Industrial University, Russian Federation
UCSI Univ (MYS)
    Faculty of Social Sciences and Liberal Arts, UCSI University, Kuala Lumpur, 56000, Malaysia
Univ de Cádiz (ESP)
    Universidad de Cádiz, Cádiz, Spain
Univ de Matanzas (CUB)
    Universidad de Matanzas, Matanzas, Cuba
Univ de Murcia (ESP)
    Departamento de Oftalmología, Facultad de Medicina, Universidad de Murcia, Instituto Murciano de Investigación Biosanitaria Hospital Virgen de la Arrixaca (IMIB-virgen de la Arrixaca), Murcia, Spain
    Facultad de Óptica y Optometría, Universidad de Murcia, Murcia, Spain
Univ de Sevilla (ESP)
    Department of Computer Languages and Systems, Universidad de Sevilla, Seville, 41012, Spain
    Research Institute of Computer Engineering (I3US), Universidad de Sevilla, Seville, 41012, Spain
Univ Eur de Madrid (ESP)
    Faculty of Sport Sciences, Universidad Europea de Madrid, Villaviciosa de Odón, Madrid, 28670, Spain
Univ Eur de Valencia (ESP)
    Faculty of Heatlh Sciences, Universidad Europea de Valencia, Valencia, 46010, Spain
Univ Ind de Santander (COL)
    Universidad Industrial de Santander, Department Electric, Electronics and Telecommunications Engineering, Bucaramanga, 680002, Colombia
Univ Libraries (USA)
    University Libraries, University of Minnesota, Minneapolis, MN, United States
Univ Nac de Educ A Distancia (ESP)
    Universidad Nacional de Educación A Distancia, Electrical and Computer Engineering Department, Madrid, 28040, Spain
Univ Nac Mayor de San Marcos (PER)
    Universidad Nacional Mayor de San Marcos, Lima, Peru
Univ Negeri Malang (IDN)
    Universitas Negeri Malang, S3 Pendidikan Biologi, Malang, Indonesia
Univ of Central Lancashire (GBR)
    University of Central Lancashire, Preston, United Kingdom
Univ of Chicago Dept of Orthopaedic Surgery and Rehabilitation Medicine (USA)
    University of Chicago Department of Orthopaedic Surgery and Rehabilitation Medicine, Chicago, Illinois, United States
Univ of Chicago Pritzker Sch of Medicine (USA)
    University of Chicago Pritzker School of Medicine, Chicago, Illinois, United States
Univ of Huelva (ESP)
    Department of Nursing, COIDESO Research Center, University of Huelva, Huelva, Spain
Univ of Newcastle (AUS)
    School of Nursing and Midwifery, The University of Newcastle, University Drive, Callaghan, 2308, NSW, Australia
Univ of Sevilla (ESP)
    Nursing Center San Juan de Dios, University of Sevilla, seville, Spain
Univ of Sharjah (ARE)
    College of Health Sciences, University of Sharjah, United Arab Emirates
Univ of Sydney (AUS)
    University of Sydney, Sydney Nursing School, Level A4. Room 7,88 Mallett St M02, 2006, NSW, Australia
Univ of Tasmania (AUS)
    University of Tasmania, Faculty of Health Centre for Rural Health Locked Bag, 1322,Newnham Drive, Launceston, 7250, TAS, Australia
    University of Tasmania, Faculty of Health, School of Health Sciences, Corner of Church, Glover Street,Lilyfield,Locked Bag, Alexandria, 5052, NSW, Australia
Univ of the Basque Country UPV/EHU (ESP)
    Faculty of Medicine and Nursing, University of the Basque Country UPV/EHU, Gipuzkoa, San Sebastián, Spain
Univ of Zaragoza (ESP)
    Department of Physiatry and Nursing, Faculty of Health Sciences, University of Zaragoza, Zaragoza, Spain
    Research Group SAPIENF (B53_23R), University of Zaragoza, Zaragoza, Spain
Univ Sains Malaysia (MYS)
    Department of Medical Education, Department of Medical Education, School of Medical Sciences, Universiti Sains Malaysia, Kelantan, Malaysia
Univ Terbuka (IDN)
    Statistics Department, Universitas Terbuka, Tangerang Selatan, Indonesia
    Universitas Terbuka, Tangerang Selatan, Indonesia
Victoria Univ of Wellington (NZL)
    School of Nursing, Midwifery, and Health Practice, Victoria University of Wellington, Wellington, New Zealand
Yancheng Teachers Univ (CHN)
    College of Arts, Yancheng Teachers University, Yancheng, 224002, China
Zuyderland Med Cent (NLD)
    Department of Pediatrics, Zuyderland Medical Center, Heerlen, Netherlands
